age_bin,survived
0-12,0.5797101449275363
13-17,0.4772727272727273
18-35,0.3802083333333333
36-55,0.4011299435028249
56+,0.3
