pclass,female,male
1,106.12579787234043,67.22612704918032
2,21.97012105263158,19.74178240740741
3,16.118809722222224,12.661632564841499
