family_size,survived
0,0.30353817504655495
1,0.5527950310559007
2,0.5784313725490197
3,0.7241379310344828
4,0.2
5,0.13636363636363635
6,0.3333333333333333
7,0.0
10,0.0
